id,first_name,email,country,latitude,longitude,Date Joined
50242-076,Roger Redihalgh,rredihalgh0@cbc.ca,PH,13.5936457,123.5205279,2018-03-10T12:45:57Z
0310-0951,Aksel McSpirron,amcspirron1@pcworld.com,NG,11.7808864,9.597952,2018-09-01T04:47:46Z
0006-1711,Latashia Bellew,lbellew2@usa.gov,KE,-0.1566093,35.1983598,2018-01-08T19:57:31Z
0268-6726,Jayme Puddle,jp@ddle3@eventbrite.com,ID,1.78925,99.1089779,2017-10-26T17:20:12Z
13537-143,Lorie Marti,lmarti4@godaddy.com,PT,39.859131,-8.8426989,2017-12-20T15:33:34Z
65862-121,Franzen Herrema,fherrema5@tiny.cc,RU,57.1785332,41.9400627,2018-04-08T06:41:03Z
57955-2770,Salomo McMearty,smcmearty6@netscape.com,RU,55.601379,36.4655267,2018-04-16T23:13:35Z
76323-002,Greggory Proffitt,gproffitt7@dot.gov,ET,8.8174466,40.5203448,2018-08-16T20:06:56Z
0641-6046,Fleming Benardet,fbenardet8@independent.co.uk,PE,-13.3346641,-72.1579033,2017-10-28T13:46:50Z
63323-173,Valentin Halloway,vhallowayqx@sun.com,ID,-7.1697343,108.8343538,2018-07-04T13:02:21Z